﻿<?xml version="1.0" encoding="utf-8"?>
<Roots >
  <Roots.RootTypes>
    <RootType FullName="Windows.UI.Xaml.Controls.UserControl">
      <RootProperty Name="Resources" />
      <RootProperty Name="Content" />
    </RootType>
    <RootType FullName="Windows.UI.Xaml.Controls.ItemsPanelTemplate">
      <RootProperty Name="Template" />
    </RootType>
    <RootType FullName="Windows.UI.Xaml.Controls.StackPanel">
      <RootProperty Name="Orientation" />
      <RootProperty Name="HorizontalAlignment" />
      <RootProperty Name="VerticalAlignment" />
      <RootProperty Name="Height" />
      <RootProperty Name="Children" />
    </RootType>
    <RootType FullName="Windows.UI.Xaml.Controls.VirtualizingStackPanel">
      <RootProperty Name="Orientation" />
      <RootEvent Name="PointerWheelChanged" />
    </RootType>
    <RootType FullName="Windows.UI.Xaml.Controls.Grid">
      <RootProperty Name="Children" />
    </RootType>
    <RootType FullName="Windows.UI.Xaml.Controls.FlipView" />
    <RootType FullName="Windows.UI.Xaml.Controls.ItemsControl">
      <RootProperty Name="HorizontalAlignment" />
      <RootProperty Name="VerticalAlignment" />
    </RootType>
    <RootType FullName="CarouselView.FormsPlugin.UWP.FlipViewControl" />
  </Roots.RootTypes>
</Roots>
